Ping at: Fri Jul 18 07:13:40 UTC 2025
Ping at: Fri Jul 18 07:19:10 UTC 2025
Ping at: Fri Jul 18 17:22:01 UTC 2025
Ping at: Sat Jul 19 07:21:30 UTC 2025
Ping at: Sat Jul 19 17:19:41 UTC 2025
Ping at: Sun Jul 20 07:21:35 UTC 2025
Ping at: Sun Jul 20 17:18:57 UTC 2025
Ping at: Mon Jul 21 07:31:25 UTC 2025
Ping at: Mon Jul 21 17:22:24 UTC 2025
Ping at: Tue Jul 22 07:26:15 UTC 2025
Ping at: Tue Jul 22 17:22:32 UTC 2025
Ping at: Wed Jul 23 07:27:05 UTC 2025
Ping at: Wed Jul 23 17:22:59 UTC 2025
Ping at: Thu Jul 24 07:26:17 UTC 2025
Ping at: Thu Jul 24 14:58:57 UTC 2025
Ping at: Thu Jul 24 15:24:14 UTC 2025
